lang	tab_settings	settings_telemetry_toggle	cleanup_step_moved_title	cleanup_step_navigate_pre26
ar	الإعدادات	مشاركة التحليلات	نُقل إلى المحذوفات مؤخراً	انتقل إلى الألبومات ← المحذوفات مؤخراً
bg	Настройки	Споделяне на аналитика	Преместено в Наскоро изтрити	Отидете в Албуми → Наскоро изтрити
bn	সেটিংস	বিশ্লেষণ শেয়ার করুন	Recently Deleted এ সরানো হয়েছে	অ্যালবামে যান → Recently Deleted
ca	Configuració	Compartir análisis	Movido a Eliminats recientemente	Ve a Álbumes → Eliminats recientemente
cs	Nastavení	Sdílet analytická data	Přesunuto do Nedávno odstraněných	Přejděte na Alba → Nedávno odstraněné
da	Indstillinger	Del analyser	Flyttet til Senest slettet	Gå til Album → Senest slettet
de	Einstellungen	Analysedaten teilen	In „Zuletzt gelöscht“ verschoben	Gehe zu Alben → Zuletzt gelöscht
el	Ρυθμίσεις	Κοινή χρήση αναλυτικών στοιχείων	Μετακινήθηκε στα Πρόσφατα διαγραμμένα	Μεταβείτε σε Άλμπουμ → Πρόσφατα διαγραμμένα
en	Settings	Share Analytics	Moved to Recently Deleted	Go to Albums → Recently Deleted
es	Ajustes	Compartir análisis	Movido a Eliminados recientemente	Ve a Álbumes → Eliminados recientemente
et	Seaded	Jaga analüütikat	Teisaldatud kausta Hiljuti kustutatud	Ava Albumid → Hiljuti kustutatud
fi	Asetukset	Jaa analytiikka	Siirretty Äskettäin poistetut -kansioon	Siirry Albumit → Äskettäin poistetut
fr	Réglages	Partager les statistiques	Déplacé vers Supprimés récemment	Allez dans Albums → Supprimés récemment
gu	સેટિંગ્સ	વિશ્લેષણ શેર કરો	Recently Deleted પર ખસેડ્યું	આલ્બમ્સ પર જાઓ → Recently Deleted
he	הגדרות	שתף נתוני אנליטיקה	הועבר ל'נמחק לאחרונה'	עבור לאלבומים ← נמחק לאחרונה
hi	सेटिंग्स	Analytics शेयर करें	Recently Deleted में ले जाया गया	Albums → Recently Deleted पर जाएं
hr	Postavke	Dijeljenje analitike	Premješteno u Nedavno obrisano	Idi na Albume → Nedavno obrisano
hu	Beállítások	Analitika megosztása	Áthelyezve a Nemrég törölt mappába	Menj ide: Albumok → Nemrég törölt
id	Pengaturan	Bagikan Analitik	Dipindahkan ke Baru-baru ini Dihapus	Buka Album → Baru-baru ini Dihapus
it	Impostazioni	Condividi statistiche	Spostato in Eliminati di recente	Vai su Album → Eliminati di recente
ja	設定	利用状況を共有	「最近削除した項目」に移動しました	「アルバム」→「最近削除した項目」に移動
kn	ಸೆಟ್ಟಿಂಗ್‌ಗಳು	ಹಂಚಿಕೆ ವಿಶ್ಲೇಷಣೆ	Recently Deleted ಗೆ ಸರಿಸಲಾಗಿದೆ	ಆಲ್ಬಮ್‌ಗಳಿಗೆ ಹೋಗಿ → Recently Deleted
ko	설정	분석 데이터 공유	최근 삭제된 항목으로 이동됨	앨범 → 최근 삭제된 항목으로 이동
lt	Nustatymai	Anoniminė diagnostika	Vieta atlaisvinta!	Eikite į Albumai → Neseniai ištrinti
lv	Iestatījumi	Kopīgot analītiku	Pārvietots uz Nesen dzēstie	Atveriet Albumi → Nesen dzēstie
ml	ക്രമീകരണങ്ങൾ	Analytics പങ്കിടുക	Recently Deleted എന്നതിലേക്ക് മാറ്റി	ആൽബങ്ങൾ → Recently Deleted എന്നതിലേക്ക് പോകുക
mr	सेटिंग्ज	विश्लेषण शेअर करा	Recently Deleted वर हलवले	अल्बम वर जा → Recently Deleted
ms	Tetapan	Kongsi Analisis	Dipindahkan ke Dipadamkan Baru-baru Ini	Pergi ke Album → Dipadamkan Baru-baru Ini
nl	Instellingen	Analyses delen	Verplaatst naar Onlangs verwijderd	Ga naar Albums → Onlangs verwijderd
no	Innstillinger	Del analyser	Flyttet til Nylig slettet	Gå til Album → Nylig slettet
or	ସେଟିଂସମୂହ	ଆନାଲିଟିକ୍ସ ଅଂଶୀଦାର କରନ୍ତୁ	Recently Deleted କୁ ଘୁଞ୍ଚିଗଲା	ଆଲବମ୍ → Recently Deleted କୁ ଯାଆନ୍ତୁ
pa	ਸੈਟਿੰਗਾਂ	ਵਿਸ਼ਲੇਸ਼ਣ ਸਾਂਝਾ ਕਰੋ	Recently Deleted ਵਿੱਚ ਲਿਜਾਇਆ ਗਿਆ	ਐਲਬਮਾਂ 'ਤੇ ਜਾਓ → Recently Deleted
pl	Ustawienia	Udostępniaj dane analityczne	Przeniesiono do „Ostatnio usunięte”	Przejdź do Albumy → Ostatnio usunięte
pt-BR	Configurações	Compartilhar dados de uso	Movido para Excluídos Recentemente	Vá em Álbuns → Excluídos Recentemente
pt-PT	Definições	Compartilhar dados de uso	Movido para Eliminados recentemente	Aceda a Álbuns → Eliminados recentemente
ro	Setări	Partajează analitice	Mutat în Șterse recent	Mergi la Albume → Șterse recent
ru	Настройки	Делиться аналитикой	Перемещено в «Недавно удалённые»	Перейдите в «Альбомы» → «Недавно удалённые»
sk	Nastavenia	Zdieľať analytické dáta	Presunuté do Nedávno vymazaných	Prejdite na Albumy → Nedávno vymazané
sl	Nastavitve	Anonimna diagnostika	Premaknjeno v Nedavno izbrisano	Pojdite v Albume → Nedavno izbrisano
sv	Inställningar	Dela analysdata	Flyttat till Nyligen borttagna	Gå till Album → Nyligen borttagna
ta	அமைப்புகள்	பகிர்வு பகுப்பாய்வு	Recently Deletedக்கு நகர்த்தப்பட்டது	ஆல்பங்கள் → Recently Deleted க்குச் செல்
te	సెట్టింగ్‌లు	భాగస్వామ్యం Analytics	Recently Deletedకి తరలించబడింది	ఆల్బమ్‌లకు వెళ్లండి → Recently Deleted
th	การตั้งค่า	แชร์ Analytics	ย้ายไปยัง Recently Deleted	ไปที่ Albums → Recently Deleted
tr	Ayarlar	Analiz Verilerini Paylaş	Son Silinenler'e Taşındı	Albümler → Son Silinenler'e gidin
uk	Налаштування	Ділитися аналітикою	Переміщено в «Нещодавно видалені»	Перейдіть у «Альбоми» → «Нещодавно видалені»
ur	ترتیبات	تجزیات کا اشتراک کریں۔	Recently Deleted میں منتقل کر دیا گیا	البمز پر جائیں → Recently Deleted
vi	Cài đặt	Chia sẻ dữ liệu phân tích	Đã chuyển vào Đã xóa gần đây	Vào Album → Đã xóa gần đây
zh-Hans	设置	共享分析数据	已移至「最近删除」	前往「相簿」→「最近删除」
zh-Hant	設定	分享分析資料	已移至「最近刪除」	前往「相簿」→「最近刪除」
